"","sector","tramos_edad","mes","sexo","trabaja","se trabaja","cv","Freq"
"1","Administracion Publica",1,1,1,267.30221455,160.727182780276,60.13,3
"2","Administracion Publica",1,1,2,245.59240621,245.59240621,100,1
"3","Administracion Publica",1,2,1,46.36201687,46.3620168700001,100,1
"4","Administracion Publica",1,2,2,1047.93467135,827.475524155929,78.96,2
"5","Administracion Publica",1,3,1,45.59651692,45.59651692,100,1
"6","Administracion Publica",1,3,2,255.6126861,255.6126861,100,1
"7","Administracion Publica",1,4,1,118.93068937,84.3899331270945,70.96,2
"8","Administracion Publica",1,4,2,253.58362656,253.58362656,100,1
"9","Administracion Publica",2,1,1,3152.1424434,755.169673889806,23.96,11
"10","Administracion Publica",2,1,2,376.55796782,297.083240006264,78.89,2
"11","Administracion Publica",2,2,1,3777.27154903,1044.63483790315,27.66,12
"12","Administracion Publica",2,2,2,1026.98735821,548.304838414997,53.39,4
"13","Administracion Publica",2,3,1,3752.60545563,1005.39282290289,26.79,12
"14","Administracion Publica",2,3,2,676.31476392,399.461214755224,59.06,3
"15","Administracion Publica",2,4,1,3137.65331386,1037.88117118001,33.08,11
"16","Administracion Publica",2,4,2,746.1387821,410.463366334979,55.01,4
"17","Administracion Publica",3,1,1,3365.1441794,1297.08066346132,38.54,12
"18","Administracion Publica",3,1,2,655.83820766,443.397862447845,67.61,2
"19","Administracion Publica",3,2,1,3179.6481012,1267.00521032427,39.85,12
"20","Administracion Publica",3,2,2,629.93373501,427.848287765682,67.92,2
"21","Administracion Publica",3,3,1,2451.62853665,1020.70758518653,41.63,9
"22","Administracion Publica",3,3,2,598.53744663,404.658071657732,67.61,2
"23","Administracion Publica",3,4,1,3065.21311517,1330.20339325961,43.4,10
"24","Administracion Publica",3,4,2,1091.95862298,539.0933818777,49.37,4
"25","Administracion Publica",4,1,1,2992.28780906,1013.55568021171,33.87,12
"26","Administracion Publica",4,1,2,1177.46823321,788.362974885382,66.95,3
"27","Administracion Publica",4,2,1,2506.62502487,928.103155461729,37.03,10
"28","Administracion Publica",4,2,2,1531.03482585,808.221867184851,52.79,5
"29","Administracion Publica",4,3,1,1832.19563762,781.548426159549,42.66,8
"30","Administracion Publica",4,3,2,1281.11417714,797.849115202658,62.28,5
"31","Administracion Publica",4,4,1,2356.16514008,898.894193684733,38.15,9
"32","Administracion Publica",4,4,2,1663.23116512,873.44862254899,52.52,7
"33","Administracion Publica",5,1,1,1791.81732731,872.091534371002,48.67,5
"34","Administracion Publica",5,1,2,980.80509634,720.061692406166,73.42,2
"35","Administracion Publica",5,2,1,1711.89656546,929.2993935288,54.28,5
"36","Administracion Publica",5,2,2,939.3681898,684.347550077454,72.85,2
"37","Administracion Publica",5,3,1,734.52189943,488.667011071955,66.53,3
"38","Administracion Publica",5,3,2,1110.73677888,757.007669786384,68.15,3
"39","Administracion Publica",5,4,1,1234.00236357,693.917251257321,56.23,4
"40","Administracion Publica",5,4,2,1078.30143339,799.422243106394,74.14,2
"41","Administracion Publica",6,3,1,319.74262616,319.74262616,100,1
"42","Agropecuario-Silvicola",1,1,1,2870.86744641,955.862389128307,33.3,11
"43","Agropecuario-Silvicola",1,1,2,3496.50354338,1368.33302747754,39.13,12
"44","Agropecuario-Silvicola",1,2,1,1202.08884253,759.677302032721,63.2,4
"45","Agropecuario-Silvicola",1,2,2,881.61624234,881.61624234,100,3
"46","Agropecuario-Silvicola",1,3,1,1739.05688522,697.943001441751,40.13,7
"47","Agropecuario-Silvicola",1,3,2,1235.35119996,1155.98501149059,93.58,5
"48","Agropecuario-Silvicola",1,4,1,1871.8144141,718.604185680171,38.39,8
"49","Agropecuario-Silvicola",1,4,2,1023.2196723,457.638104007005,44.73,7
"50","Agropecuario-Silvicola",2,1,1,4064.22654703,1417.78795695196,34.88,16
"51","Agropecuario-Silvicola",2,1,2,1691.51902363,831.518381351247,49.16,7
"52","Agropecuario-Silvicola",2,2,1,4203.96683837,1353.08335834731,32.19,15
"53","Agropecuario-Silvicola",2,2,2,860.23230068,647.837159638862,75.31,3
"54","Agropecuario-Silvicola",2,3,1,4300.71142594,1467.83287952137,34.13,14
"55","Agropecuario-Silvicola",2,3,2,445.10017626,314.088142923543,70.57,2
"56","Agropecuario-Silvicola",2,4,1,2899.13592458,908.721745021571,31.34,11
"57","Agropecuario-Silvicola",2,4,2,299.46620408,201.088986450669,67.15,2
"58","Agropecuario-Silvicola",3,1,1,7339.03328608,1938.97420122035,26.42,24
"59","Agropecuario-Silvicola",3,1,2,1284.57967321,641.73420946865,49.96,6
"60","Agropecuario-Silvicola",3,2,1,7838.78254949,1785.83891512893,22.78,27
"61","Agropecuario-Silvicola",3,2,2,1692.58541676,658.138131210614,38.88,5
"62","Agropecuario-Silvicola",3,3,1,6446.54882988,1440.53607507492,22.35,22
"63","Agropecuario-Silvicola",3,3,2,1312.71027081,690.024049713513,52.56,4
"64","Agropecuario-Silvicola",3,4,1,6732.98531184,2180.609952137,32.39,20
"65","Agropecuario-Silvicola",3,4,2,1734.15174857,809.878056832034,46.7,6
"66","Agropecuario-Silvicola",4,1,1,8967.73098453,1608.26495015847,17.93,34
"67","Agropecuario-Silvicola",4,1,2,2196.29904119,663.129584243379,30.19,11
"68","Agropecuario-Silvicola",4,2,1,9192.66245132,1989.51081231885,21.64,31
"69","Agropecuario-Silvicola",4,2,2,1220.51704091,498.0945731494,40.81,6
"70","Agropecuario-Silvicola",4,3,1,8706.23954808,1613.01639461403,18.53,31
"71","Agropecuario-Silvicola",4,3,2,607.15074763,387.14820349,63.76,3
"72","Agropecuario-Silvicola",4,4,1,8187.27539505,1548.65543332854,18.92,29
"73","Agropecuario-Silvicola",4,4,2,1267.93451923,578.640362465393,45.64,7
"74","Agropecuario-Silvicola",5,1,1,5276.48390021,1416.79430935874,26.85,19
"75","Agropecuario-Silvicola",5,1,2,444.66365798,307.380060066343,69.13,2
"76","Agropecuario-Silvicola",5,2,1,5302.25048804,1291.73497932391,24.36,16
"77","Agropecuario-Silvicola",5,2,2,488.70126571,307.425161514984,62.91,3
"78","Agropecuario-Silvicola",5,3,1,4716.48622143,1182.71070349992,25.08,15
"79","Agropecuario-Silvicola",5,3,2,321.57516971,215.761141098875,67.1,2
"80","Agropecuario-Silvicola",5,4,1,5817.2510974,1271.58265450022,21.86,18
"81","Agropecuario-Silvicola",5,4,2,419.64020142,292.687209462886,69.75,2
"82","Agropecuario-Silvicola",6,1,1,2262.22422954,748.896108256826,33.1,9
"83","Agropecuario-Silvicola",6,1,2,640.00294104,366.328002810943,57.24,3
"84","Agropecuario-Silvicola",6,2,1,3111.72391117,1185.63845002,38.1,11
"85","Agropecuario-Silvicola",6,2,2,298.98004154,298.98004154,100,1
"86","Agropecuario-Silvicola",6,3,1,1639.90952904,756.857295225599,46.15,7
"87","Agropecuario-Silvicola",6,3,2,324.95111054,324.95111054,100,1
"88","Agropecuario-Silvicola",6,4,1,4335.3303968,1386.51537374493,31.98,12
"89","Comercio",1,1,1,4120.6034057,1409.98899029968,34.22,13
"90","Comercio",1,1,2,3692.56221,937.244569087385,25.38,17
"91","Comercio",1,2,1,3073.4196043,1090.3543114167,35.48,10
"92","Comercio",1,2,2,4154.30540635,1464.21890233215,35.25,19
"93","Comercio",1,3,1,4283.80538276,1149.03848591,26.82,20
"94","Comercio",1,3,2,3952.81623537,1393.86521386764,35.26,14
"95","Comercio",1,4,1,4014.61555556,1259.55777177986,31.37,17
"96","Comercio",1,4,2,4868.2846925,1258.84396528602,25.86,18
"97","Comercio",2,1,1,3939.71716904,1335.00995084687,33.89,15
"98","Comercio",2,1,2,3437.99003822,1016.47062359994,29.57,19
"99","Comercio",2,2,1,2433.74370321,752.527285998585,30.92,13
"100","Comercio",2,2,2,3439.10132283,920.409208130887,26.76,19
"101","Comercio",2,3,1,3685.35436154,1112.75813853299,30.19,19
"102","Comercio",2,3,2,2821.94358887,847.120629034633,30.02,16
"103","Comercio",2,4,1,2451.27087359,761.419619118328,31.06,17
"104","Comercio",2,4,2,3033.52627934,869.968867547451,28.68,15
"105","Comercio",3,1,1,2198.42079827,804.951662859041,36.61,13
"106","Comercio",3,1,2,2689.0549374,705.090477623698,26.22,18
"107","Comercio",3,2,1,2940.43954305,1048.71394879883,35.67,14
"108","Comercio",3,2,2,2506.62208577,915.871593224075,36.54,12
"109","Comercio",3,3,1,2313.37044577,914.62668362734,39.54,14
"110","Comercio",3,3,2,2742.34216685,772.48251446751,28.17,17
"111","Comercio",3,4,1,1881.63656877,629.984430479535,33.48,13
"112","Comercio",3,4,2,2742.97887674,804.225184187876,29.32,15
"113","Comercio",4,1,1,2777.9249426,786.026809966092,28.3,15
"114","Comercio",4,1,2,3847.89013221,916.706800848475,23.82,22
"115","Comercio",4,2,1,4725.49430918,1126.68605579012,23.84,22
"116","Comercio",4,2,2,3869.39831196,915.08662491237,23.65,24
"117","Comercio",4,3,1,5191.32945031,1290.41497277063,24.86,23
"118","Comercio",4,3,2,4793.03154168,1211.02541021484,25.27,26
"119","Comercio",4,4,1,5367.70506996,1405.58786992675,26.19,21
"120","Comercio",4,4,2,3563.58600091,997.691399389379,28,23
"121","Comercio",5,1,1,3053.46999097,1093.10252508651,35.8,15
"122","Comercio",5,1,2,2299.12436569,703.469675129559,30.6,12
"123","Comercio",5,2,1,2957.42591175,1066.77248188492,36.07,14
"124","Comercio",5,2,2,2436.87422956,704.444330748556,28.91,13
"125","Comercio",5,3,1,2081.79367518,1013.74410113354,48.7,7
"126","Comercio",5,3,2,2430.90296404,793.291275739883,32.63,12
"127","Comercio",5,4,1,2557.65801343,1082.60453187149,42.33,11
"128","Comercio",5,4,2,2665.09978099,832.942767623304,31.25,14
"129","Comercio",6,1,1,1787.76055096,647.811571737204,36.24,9
"130","Comercio",6,1,2,677.32826315,496.138087735487,73.25,2
"131","Comercio",6,2,1,1838.82644404,633.079002066515,34.43,11
"132","Comercio",6,2,2,1021.33824773,550.233183503974,53.87,4
"133","Comercio",6,3,1,2087.68329777,696.889861234314,33.38,11
"134","Comercio",6,3,2,1740.27519666,703.338148333987,40.42,8
"135","Comercio",6,4,1,2462.24294691,744.322083709434,30.23,13
"136","Comercio",6,4,2,955.80373991,533.696550464765,55.84,5
"137","Construccion",1,1,1,1856.62757214,796.663310084719,42.91,8
"138","Construccion",1,1,2,1099.11977256,654.563823884437,59.55,3
"139","Construccion",1,2,1,1832.80806672,773.597905481213,42.21,8
"140","Construccion",1,3,1,963.72462472,525.770444317196,54.56,4
"141","Construccion",1,3,2,62.34455758,62.34455758,100,1
"142","Construccion",1,4,1,1746.83659337,704.996886475609,40.36,9
"143","Construccion",2,1,1,3075.56244279,1230.90312052215,40.02,11
"144","Construccion",2,1,2,59.15182954,59.1518295400001,100,1
"145","Construccion",2,2,1,2467.17332596,865.159752038107,35.07,8
"146","Construccion",2,2,2,141.13598267,141.13598267,100,1
"147","Construccion",2,3,1,4834.91622853,1405.36366471902,29.07,20
"148","Construccion",2,4,1,3463.73714597,978.995654738682,28.26,16
"149","Construccion",2,4,2,126.79181328,126.79181328,100,1
"150","Construccion",3,1,1,2756.8051932,820.193233491302,29.75,16
"151","Construccion",3,1,2,382.69732982,382.69732982,100,1
"152","Construccion",3,2,1,1070.17591897,505.349809674788,47.22,7
"153","Construccion",3,2,2,357.57012383,357.57012383,100,1
"154","Construccion",3,3,1,1556.37456189,611.74064245271,39.31,10
"155","Construccion",3,3,2,478.55149046,373.304995620842,78.01,2
"156","Construccion",3,4,1,3227.5646824,832.304673785158,25.79,16
"157","Construccion",3,4,2,370.7383153,370.7383153,100,1
"158","Construccion",4,1,1,3081.32174572,941.767978365332,30.56,14
"159","Construccion",4,1,2,133.68941467,133.68941467,100,1
"160","Construccion",4,2,1,1661.95306317,738.52144486224,44.44,9
"161","Construccion",4,2,2,84.03367482,84.03367482,100,1
"162","Construccion",4,3,1,3353.1192861,1006.73839057278,30.02,15
"163","Construccion",4,4,1,2883.26817626,864.238751045581,29.97,16
"164","Construccion",4,4,2,430.2063396,352.467243349526,81.93,2
"165","Construccion",5,1,1,1941.86355149,655.850444513167,33.77,13
"166","Construccion",5,2,1,2724.92876677,811.18351501511,29.77,15
"167","Construccion",5,3,1,2045.32583829,780.985811924302,38.18,9
"168","Construccion",5,4,1,1728.32949865,627.915373710269,36.33,12
"169","Construccion",6,1,1,977.99947735,662.457464139849,67.74,3
"170","Construccion",6,2,1,879.32468098,652.641719182738,74.22,2
"171","Construccion",6,3,1,366.6908007,291.274641567145,79.43,2
"172","Construccion",6,4,1,1068.18802162,716.225461713775,67.05,3
"173","Electricidad, Gas y Agua",1,1,1,31.53216734,31.53216734,100,1
"174","Electricidad, Gas y Agua",1,1,2,69.53287036,69.5328703600001,100,1
"175","Electricidad, Gas y Agua",1,2,1,448.99817086,416.112820685447,92.68,2
"176","Electricidad, Gas y Agua",1,3,1,367.01126736,333.292629168895,90.81,2
"177","Electricidad, Gas y Agua",2,1,1,810.85524208,579.010430152104,71.41,2
"178","Electricidad, Gas y Agua",2,2,1,751.79388766,535.884217474179,71.28,2
"179","Electricidad, Gas y Agua",2,3,1,747.88785636,532.71675916102,71.23,2
"180","Electricidad, Gas y Agua",2,4,1,800.38386235,569.920203495931,71.21,2
"181","Electricidad, Gas y Agua",2,4,2,370.7383153,370.7383153,100,1
"182","Electricidad, Gas y Agua",3,2,1,95.00440172,95.0044017199999,100,1
"183","Electricidad, Gas y Agua",3,3,1,127.93994403,127.93994403,100,1
"184","Electricidad, Gas y Agua",3,4,1,363.38261319,363.38261319,100,1
"185","Electricidad, Gas y Agua",4,1,1,351.36601906,351.36601906,100,1
"186","Electricidad, Gas y Agua",4,1,2,272.35866451,272.35866451,100,1
"187","Electricidad, Gas y Agua",4,2,1,414.69661541,414.69661541,100,1
"188","Electricidad, Gas y Agua",4,2,2,272.65295707,272.65295707,100,1
"189","Electricidad, Gas y Agua",4,3,1,331.38284875,331.38284875,100,1
"190","Electricidad, Gas y Agua",4,3,2,267.44880303,267.44880303,100,1
"191","Electricidad, Gas y Agua",4,4,1,355.776285,355.776285,100,1
"192","Electricidad, Gas y Agua",4,4,2,263.84765341,263.84765341,100,1
"193","Electricidad, Gas y Agua",5,1,1,539.27154475,429.460718728393,79.64,2
"194","Electricidad, Gas y Agua",5,2,1,444.28563316,361.243001054324,81.31,2
"195","Electricidad, Gas y Agua",5,3,1,460.67712141,318.680590982107,69.18,3
"196","Electricidad, Gas y Agua",5,4,1,526.87645431,385.584364629467,73.18,3
"197","Electricidad, Gas y Agua",5,4,2,262.6109812,262.6109812,100,1
"198","Electricidad, Gas y Agua",6,1,1,254.03049621,254.03049621,100,1
"199","Hoteles y Restoranes",1,1,1,443.80946766,255.339668425168,57.53,3
"200","Hoteles y Restoranes",1,1,2,1914.65673566,830.972727492854,43.4,6
"201","Hoteles y Restoranes",1,2,1,1548.70530889,635.197577284827,41.01,9
"202","Hoteles y Restoranes",1,2,2,211.70397401,211.70397401,100,1
"203","Hoteles y Restoranes",1,3,1,484.18083565,484.18083565,100,1
"204","Hoteles y Restoranes",1,3,2,368.11376047,297.427273936928,80.8,2
"205","Hoteles y Restoranes",1,4,1,923.38796049,560.606376663791,60.71,4
"206","Hoteles y Restoranes",1,4,2,312.12595555,254.120982750254,81.42,2
"207","Hoteles y Restoranes",2,1,1,1296.24851441,709.412294511249,54.73,4
"208","Hoteles y Restoranes",2,1,2,1678.29481549,715.178948458861,42.61,9
"209","Hoteles y Restoranes",2,2,1,1759.69395951,953.103971171912,54.16,4
"210","Hoteles y Restoranes",2,2,2,2114.00183756,829.679460568884,39.25,9
"211","Hoteles y Restoranes",2,3,1,1263.96713223,646.537298100069,51.15,6
"212","Hoteles y Restoranes",2,3,2,1886.02898453,761.170744045017,40.36,7
"213","Hoteles y Restoranes",2,4,1,1381.05737401,692.647186545966,50.15,5
"214","Hoteles y Restoranes",2,4,2,1577.48796993,740.933486700704,46.97,6
"215","Hoteles y Restoranes",3,1,1,96.84335713,96.8433571300002,100,1
"216","Hoteles y Restoranes",3,1,2,737.29734538,500.516538565062,67.89,4
"217","Hoteles y Restoranes",3,2,1,459.7342634,239.026372552658,51.99,4
"218","Hoteles y Restoranes",3,2,2,578.00961418,501.072736406949,86.69,2
"219","Hoteles y Restoranes",3,3,1,814.8214707,429.148463306829,52.67,4
"220","Hoteles y Restoranes",3,3,2,779.23224571,521.234053033182,66.89,4
"221","Hoteles y Restoranes",3,4,1,543.21654133,326.994347579434,60.2,3
"222","Hoteles y Restoranes",3,4,2,1086.26884694,671.995365377874,61.86,3
"223","Hoteles y Restoranes",4,1,1,255.31719234,172.149517976381,67.43,3
"224","Hoteles y Restoranes",4,1,2,268.43060345,136.27677439479,50.77,4
"225","Hoteles y Restoranes",4,2,1,908.88125845,771.723136033116,84.91,4
"226","Hoteles y Restoranes",4,2,2,763.73989743,419.526680066025,54.93,5
"227","Hoteles y Restoranes",4,3,1,45.59651692,45.59651692,100,1
"228","Hoteles y Restoranes",4,3,2,142.22038646,99.2507554080953,69.79,2
"229","Hoteles y Restoranes",4,4,1,459.89312261,459.89312261,100,1
"230","Hoteles y Restoranes",4,4,2,241.50821577,241.50821577,100,1
"231","Hoteles y Restoranes",5,1,2,1444.65567963,577.438695637899,39.97,7
"232","Hoteles y Restoranes",5,2,2,684.90715149,406.604087851599,59.37,4
"233","Hoteles y Restoranes",5,3,2,1086.62618238,527.052501166625,48.5,5
"234","Hoteles y Restoranes",5,4,2,1217.46892448,543.94304608185,44.68,6
"235","Hoteles y Restoranes",6,1,2,535.26550071,535.26550071,100,1
"236","Hoteles y Restoranes",6,2,2,553.68731664,553.687316640001,100,1
"237","Hoteles y Restoranes",6,3,2,557.10457226,557.10457226,100,1
"238","Hoteles y Restoranes",6,4,2,552.68226301,552.682263010001,100,1
"239","Industria Manufacturera",1,1,1,1449.67081498,771.767113917082,53.24,4
"240","Industria Manufacturera",1,1,2,1091.5246998,602.262368498593,55.18,6
"241","Industria Manufacturera",1,2,1,2714.98365428,1256.6447185051,46.29,7
"242","Industria Manufacturera",1,2,2,1227.16910747,687.975668660922,56.06,4
"243","Industria Manufacturera",1,3,1,1843.35841421,1015.70631237274,55.1,5
"244","Industria Manufacturera",1,3,2,1025.27862461,613.582587322727,59.85,3
"245","Industria Manufacturera",1,4,1,2950.18652206,1302.21876341656,44.14,9
"246","Industria Manufacturera",1,4,2,457.85932573,457.85932573,100,1
"247","Industria Manufacturera",2,1,1,2496.6982085,977.923330353204,39.17,8
"248","Industria Manufacturera",2,1,2,337.52992627,210.806671971815,62.46,3
"249","Industria Manufacturera",2,2,1,3118.34209904,952.986007064547,30.56,14
"250","Industria Manufacturera",2,2,2,1065.27647249,525.659187190091,49.34,4
"251","Industria Manufacturera",2,3,1,2957.36069005,866.292296486277,29.29,13
"252","Industria Manufacturera",2,3,2,968.12372777,425.490329311238,43.95,7
"253","Industria Manufacturera",2,4,1,2860.29101554,887.351317232728,31.02,12
"254","Industria Manufacturera",2,4,2,770.85845935,349.157113043754,45.29,6
"255","Industria Manufacturera",3,1,1,2196.11835263,977.15198255781,44.49,15
"256","Industria Manufacturera",3,1,2,245.59240621,245.59240621,100,1
"257","Industria Manufacturera",3,2,1,2777.87498088,1020.22376943432,36.73,16
"258","Industria Manufacturera",3,2,2,1249.08458067,808.893122991092,64.76,4
"259","Industria Manufacturera",3,3,1,3384.89179589,1063.67304829504,31.42,15
"260","Industria Manufacturera",3,3,2,899.74095204,495.765878425078,55.1,4
"261","Industria Manufacturera",3,4,1,4122.12900802,1341.49813528753,32.54,17
"262","Industria Manufacturera",3,4,2,697.05401543,535.087984353788,76.76,2
"263","Industria Manufacturera",4,1,1,3538.89402954,1658.46021625231,46.86,11
"264","Industria Manufacturera",4,1,2,541.07447989,318.948957299222,58.95,4
"265","Industria Manufacturera",4,2,1,4741.0348231,1661.42310104696,35.04,15
"266","Industria Manufacturera",4,2,2,1297.95951865,506.284718493356,39.01,8
"267","Industria Manufacturera",4,3,1,6242.97760598,2075.7184645104,33.25,20
"268","Industria Manufacturera",4,3,2,428.05302337,265.054723646295,61.92,3
"269","Industria Manufacturera",4,4,1,4563.08693175,1934.5048375246,42.39,14
"270","Industria Manufacturera",4,4,2,145.02331584,145.02331584,100,1
"271","Industria Manufacturera",5,1,1,2831.5987114,941.768385755602,33.26,11
"272","Industria Manufacturera",5,1,2,1150.6096716,524.172558113807,45.56,5
"273","Industria Manufacturera",5,2,1,2306.26944767,869.525079145198,37.7,10
"274","Industria Manufacturera",5,2,2,1171.34159105,534.675586499729,45.65,7
"275","Industria Manufacturera",5,3,1,1467.64359738,649.355407427215,44.24,8
"276","Industria Manufacturera",5,3,2,2056.41009863,711.859968851929,34.62,10
"277","Industria Manufacturera",5,4,1,2213.74697789,829.490679755887,37.47,11
"278","Industria Manufacturera",5,4,2,1038.35629093,469.849217320884,45.25,6
"279","Industria Manufacturera",6,1,1,1507.01060109,737.287721755014,48.92,7
"280","Industria Manufacturera",6,1,2,331.48385808,271.8814057265,82.02,2
"281","Industria Manufacturera",6,2,1,668.01495072,404.377071285449,60.53,4
"282","Industria Manufacturera",6,2,2,829.06841789,470.806150538704,56.79,4
"283","Industria Manufacturera",6,3,1,1904.97298363,762.252882687138,40.01,8
"284","Industria Manufacturera",6,3,2,1239.10781512,522.399154068978,42.16,7
"285","Industria Manufacturera",6,4,1,2053.95796153,905.403523115202,44.08,5
"286","Industria Manufacturera",6,4,2,1333.84378812,785.161845114321,58.86,6
"287","Inmobiliarias",1,1,1,603.29458704,425.251660825127,70.49,2
"288","Inmobiliarias",1,1,2,979.62460324,485.11616254055,49.52,4
"289","Inmobiliarias",1,2,1,1241.69408629,643.750380834295,51.84,5
"290","Inmobiliarias",1,2,2,334.6776352,274.430386382975,82,2
"291","Inmobiliarias",1,3,1,64.36101426,64.36101426,100,1
"292","Inmobiliarias",1,3,2,426.9137304,285.870449629368,66.96,3
"293","Inmobiliarias",1,4,1,812.64014582,497.04605200166,61.16,4
"294","Inmobiliarias",1,4,2,569.985074,404.281288673431,70.93,5
"295","Inmobiliarias",2,1,1,1110.57454491,686.759046113183,61.84,4
"296","Inmobiliarias",2,1,2,519.00460815,324.880689376686,62.6,4
"297","Inmobiliarias",2,2,1,1435.13734446,764.781375560892,53.29,5
"298","Inmobiliarias",2,2,2,1010.10282927,459.209595535688,45.46,7
"299","Inmobiliarias",2,3,1,671.24837236,395.877649033238,58.98,4
"300","Inmobiliarias",2,3,2,382.91022649,284.305123668121,74.25,3
"301","Inmobiliarias",2,4,1,1025.92106029,509.209870994196,49.63,5
"302","Inmobiliarias",2,4,2,1575.0788189,617.319980528235,39.19,8
"303","Inmobiliarias",3,1,1,872.32812762,406.982798782501,46.65,7
"304","Inmobiliarias",3,1,2,43.04415784,43.04415784,100,1
"305","Inmobiliarias",3,2,1,900.53624267,493.552255835212,54.81,5
"306","Inmobiliarias",3,2,2,569.54704525,405.390299477857,71.18,2
"307","Inmobiliarias",3,3,1,769.62538195,409.974710552277,53.27,7
"308","Inmobiliarias",3,3,2,566.69716303,403.966559277914,71.28,2
"309","Inmobiliarias",3,4,1,175.62653445,121.955149416389,69.44,2
"310","Inmobiliarias",3,4,2,1140.57894788,546.125708818824,47.88,6
"311","Inmobiliarias",4,1,1,1753.27961223,1149.31442135195,65.55,3
"312","Inmobiliarias",4,1,2,1373.27445653,750.624986452686,54.66,7
"313","Inmobiliarias",4,2,1,1552.58706056,886.107499566016,57.07,4
"314","Inmobiliarias",4,2,2,1755.39980822,772.297336363395,44,8
"315","Inmobiliarias",4,3,1,1776.04140725,966.785311211092,54.43,4
"316","Inmobiliarias",4,3,2,1119.00452623,772.928966603482,69.07,3
"317","Inmobiliarias",4,4,1,1548.92415279,959.333767088805,61.94,3
"318","Inmobiliarias",4,4,2,1499.35020628,879.505509916927,58.66,4
"319","Inmobiliarias",5,1,1,46.57704319,46.57704319,100,1
"320","Inmobiliarias",5,1,2,53.43412698,53.43412698,100,1
"321","Inmobiliarias",5,2,1,448.47995097,390.447095482176,87.06,2
"322","Inmobiliarias",5,3,1,632.96053047,489.167653158427,77.28,3
"323","Inmobiliarias",5,4,1,651.31046336,503.348938053114,77.28,3
"324","Inmobiliarias",6,1,1,76.21218089,76.2121808899999,100,1
"325","Inmobiliarias",6,2,1,1032.92309778,718.469370571006,69.56,5
"326","Inmobiliarias",6,3,1,1209.85195202,817.60526585663,67.58,6
"327","Inmobiliarias",6,4,1,224.60930018,128.63774096465,57.27,3
"328","Inmobiliarias",6,4,2,102.29246343,102.29246343,100,1
"329","Intermediacion Financiera",1,1,2,299.18946092,299.18946092,100,1
"330","Intermediacion Financiera",2,1,1,139.13821106,139.13821106,100,1
"331","Intermediacion Financiera",2,1,2,406.02909682,253.71221851227,62.49,3
"332","Intermediacion Financiera",2,2,2,58.8640318,58.8640318,100,1
"333","Intermediacion Financiera",2,3,2,82.29953908,82.2995390799999,100,1
"334","Intermediacion Financiera",3,1,1,212.84212953,147.68874143275,69.39,2
"335","Intermediacion Financiera",3,1,2,147.63445205,103.379270216601,70.02,2
"336","Intermediacion Financiera",3,2,1,96.04435526,96.0443552600001,100,1
"337","Intermediacion Financiera",3,2,2,472.21157756,282.345909005253,59.79,4
"338","Intermediacion Financiera",3,3,1,99.75957211,99.7595721099999,100,1
"339","Intermediacion Financiera",3,3,2,526.40865757,335.351728143633,63.71,4
"340","Intermediacion Financiera",3,4,1,98.0912061,98.0912061,100,1
"341","Intermediacion Financiera",3,4,2,199.36003574,113.171148897459,56.77,3
"342","Intermediacion Financiera",4,1,1,88.45603067,88.4560306700001,100,1
"343","Intermediacion Financiera",4,1,2,747.7973907,530.836795504163,70.99,2
"344","Intermediacion Financiera",4,2,1,435.16646449,351.363999443947,80.74,2
"345","Intermediacion Financiera",4,2,2,317.55596102,317.55596102,100,1
"346","Intermediacion Financiera",4,3,1,416.3838797,342.914454194063,82.36,2
"347","Intermediacion Financiera",4,4,1,428.45511618,352.855764778783,82.36,2
"348","Intermediacion Financiera",4,4,2,71.7171337,71.7171337,100,1
"349","Intermediacion Financiera",5,1,1,758.11529794,758.11529794,100,1
"350","Intermediacion Financiera",5,2,1,694.58495553,694.58495553,100,1
"351","Intermediacion Financiera",5,3,1,793.12508283,793.12508283,100,1
"352","Intermediacion Financiera",5,4,1,856.07930888,856.07930888,100,1
"353","Mineria",2,1,1,157.66083669,157.66083669,100,1
"354","Mineria",3,2,1,352.82150371,352.82150371,100,1
"355","Mineria",4,1,1,255.09245684,194.438806928962,76.22,2
"356","Mineria",4,2,1,131.05322696,91.5646945597177,69.87,2
"357","Mineria",4,3,1,70.46290747,70.4629074699999,100,1
"358","Mineria",4,4,1,133.39744481,93.5100557918842,70.1,2
"359","Servicios Sociales y Personales",1,1,1,997.65245604,513.754774112521,51.5,5
"360","Servicios Sociales y Personales",1,1,2,3137.1734801,909.246573059209,28.98,16
"361","Servicios Sociales y Personales",1,2,1,531.33102126,387.805089874857,72.99,2
"362","Servicios Sociales y Personales",1,2,2,4061.55010752,984.037126168752,24.23,22
"363","Servicios Sociales y Personales",1,3,1,420.46362614,345.098860133625,82.08,2
"364","Servicios Sociales y Personales",1,3,2,4887.25391843,1373.37653711806,28.1,22
"365","Servicios Sociales y Personales",1,4,1,543.23084538,363.62572107855,66.94,3
"366","Servicios Sociales y Personales",1,4,2,4255.07791817,1361.19285027116,31.99,17
"367","Servicios Sociales y Personales",2,1,1,2226.80072712,1197.68690686404,53.79,9
"368","Servicios Sociales y Personales",2,1,2,6233.41245312,1101.71260939137,17.67,31
"369","Servicios Sociales y Personales",2,2,1,2570.37277117,865.502883316662,33.67,12
"370","Servicios Sociales y Personales",2,2,2,9864.53367733,1920.69270709282,19.47,39
"371","Servicios Sociales y Personales",2,3,1,2167.99918399,770.232803040413,35.53,11
"372","Servicios Sociales y Personales",2,3,2,9367.19657174,1888.81489091099,20.16,35
"373","Servicios Sociales y Personales",2,4,1,3120.08890514,994.966205329218,31.89,13
"374","Servicios Sociales y Personales",2,4,2,8853.60798063,1956.06484196877,22.09,38
"375","Servicios Sociales y Personales",3,1,1,1736.05628317,648.384583053607,37.35,11
"376","Servicios Sociales y Personales",3,1,2,7831.98774844,1976.76761817256,25.24,37
"377","Servicios Sociales y Personales",3,2,1,1648.39921987,691.617638259588,41.96,10
"378","Servicios Sociales y Personales",3,2,2,8845.92687079,2160.30960763245,24.42,40
"379","Servicios Sociales y Personales",3,3,1,1574.72570303,654.188651647331,41.54,11
"380","Servicios Sociales y Personales",3,3,2,9256.01656172,2163.80673347258,23.38,42
"381","Servicios Sociales y Personales",3,4,1,749.81865372,464.002528753714,61.88,4
"382","Servicios Sociales y Personales",3,4,2,8765.48433058,2128.36848121617,24.28,40
"383","Servicios Sociales y Personales",4,1,1,1925.45511376,712.516279379626,37.01,10
"384","Servicios Sociales y Personales",4,1,2,11374.14738176,2240.16745777951,19.7,45
"385","Servicios Sociales y Personales",4,2,1,1960.80321997,730.561506440202,37.26,9
"386","Servicios Sociales y Personales",4,2,2,9112.54064939,2095.40013994166,22.99,38
"387","Servicios Sociales y Personales",4,3,1,1691.55595113,655.378639726063,38.74,9
"388","Servicios Sociales y Personales",4,3,2,10831.97309571,2290.33925597606,21.14,44
"389","Servicios Sociales y Personales",4,4,1,1697.28907547,676.318305582941,39.85,9
"390","Servicios Sociales y Personales",4,4,2,11913.57630998,2573.30096344818,21.6,45
"391","Servicios Sociales y Personales",5,1,1,4054.09043816,1140.22110083685,28.13,15
"392","Servicios Sociales y Personales",5,1,2,4339.94825085,917.253889706738,21.14,24
"393","Servicios Sociales y Personales",5,2,1,3855.54789589,1107.36209685159,28.72,15
"394","Servicios Sociales y Personales",5,2,2,4793.17732256,965.944167450615,20.15,27
"395","Servicios Sociales y Personales",5,3,1,4754.92687793,1240.23650209309,26.08,18
"396","Servicios Sociales y Personales",5,3,2,5927.75130948,1020.66857112549,17.22,32
"397","Servicios Sociales y Personales",5,4,1,3336.4114248,1052.61558219359,31.55,12
"398","Servicios Sociales y Personales",5,4,2,4385.17456857,1013.03970939666,23.1,22
"399","Servicios Sociales y Personales",6,1,1,759.44930714,513.640447783442,67.63,4
"400","Servicios Sociales y Personales",6,1,2,893.22693743,714.882548866732,80.03,5
"401","Servicios Sociales y Personales",6,2,1,462.35358932,349.995556166477,75.7,3
"402","Servicios Sociales y Personales",6,2,2,1813.88090652,864.362507283627,47.65,7
"403","Servicios Sociales y Personales",6,3,1,803.64646914,486.316439329992,60.51,4
"404","Servicios Sociales y Personales",6,3,2,1758.96071214,674.469090770768,38.34,9
"405","Servicios Sociales y Personales",6,4,1,448.22509544,330.734342782876,73.79,3
"406","Servicios Sociales y Personales",6,4,2,406.61604496,346.16574160519,85.13,2
"407","Transporte y Comunicaciones",1,1,1,1203.861333,715.183525342343,59.41,3
"408","Transporte y Comunicaciones",1,1,2,466.96322102,331.829310239185,71.06,2
"409","Transporte y Comunicaciones",1,2,1,316.28994163,316.28994163,100,1
"410","Transporte y Comunicaciones",1,2,2,265.5922583,265.5922583,100,1
"411","Transporte y Comunicaciones",1,3,1,259.22297047,259.22297047,100,1
"412","Transporte y Comunicaciones",1,3,2,555.49435977,393.075251379953,70.76,2
"413","Transporte y Comunicaciones",1,4,1,1213.51793503,670.065119717576,55.22,4
"414","Transporte y Comunicaciones",2,1,1,1724.65786539,723.299302351488,41.94,7
"415","Transporte y Comunicaciones",2,1,2,300.47272987,300.47272987,100,1
"416","Transporte y Comunicaciones",2,2,1,1291.07032553,592.107366024951,45.86,6
"417","Transporte y Comunicaciones",2,2,2,486.94451858,347.240449813694,71.31,2
"418","Transporte y Comunicaciones",2,3,1,2177.65626814,912.700818920942,41.91,7
"419","Transporte y Comunicaciones",2,4,1,1035.14103601,668.957438203008,64.62,3
"420","Transporte y Comunicaciones",3,1,1,3097.6689584,909.772942931026,29.37,11
"421","Transporte y Comunicaciones",3,1,2,374.72487974,277.472207091077,74.05,2
"422","Transporte y Comunicaciones",3,2,1,2239.31390338,743.982950440454,33.22,11
"423","Transporte y Comunicaciones",3,2,2,675.12608485,478.223987097194,70.83,2
"424","Transporte y Comunicaciones",3,3,1,2678.46455631,843.498403630444,31.49,10
"425","Transporte y Comunicaciones",3,3,2,883.27157678,516.800766837499,58.51,3
"426","Transporte y Comunicaciones",3,4,1,1413.91746376,601.946027430379,42.57,6
"427","Transporte y Comunicaciones",3,4,2,805.45310369,481.937191998807,59.83,3
"428","Transporte y Comunicaciones",4,1,1,1590.46724753,924.682996480919,58.14,6
"429","Transporte y Comunicaciones",4,2,1,862.69325302,510.837822382178,59.21,4
"430","Transporte y Comunicaciones",4,2,2,366.62706814,304.314138594967,83,2
"431","Transporte y Comunicaciones",4,3,1,1563.07895668,694.148254351731,44.41,7
"432","Transporte y Comunicaciones",4,3,2,514.2828339,340.443445955125,66.2,3
"433","Transporte y Comunicaciones",4,4,1,1472.93278835,669.971212773808,45.49,7
"434","Transporte y Comunicaciones",4,4,2,447.5038149,338.855536514158,75.72,2
"435","Transporte y Comunicaciones",5,1,1,2583.57990432,1030.60338268227,39.89,9
"436","Transporte y Comunicaciones",5,2,1,2612.20956303,969.365513553487,37.11,11
"437","Transporte y Comunicaciones",5,2,2,49.89499442,49.89499442,100,1
"438","Transporte y Comunicaciones",5,3,1,1245.4564876,607.088665587375,48.74,6
"439","Transporte y Comunicaciones",5,4,1,1044.25341548,513.450732745563,49.17,6
"440","Transporte y Comunicaciones",6,1,1,775.62211747,441.798789835844,56.96,5
"441","Transporte y Comunicaciones",6,2,1,771.24673013,472.741102556014,61.3,4
"442","Transporte y Comunicaciones",6,3,1,677.91505955,441.677107347263,65.15,3
"443","Transporte y Comunicaciones",6,4,1,908.76453156,650.436914172136,71.57,3
